{"cameraMode":{"drawMode":0,"name":"Shaded","section":"Shading Mode"},"sceneLighting":true,"audioPlay":false,"sceneViewState":{"m_AlwaysRefresh":false,"showFog":true,"showSkybox":true,"showFlares":true,"showImageEffects":true,"showParticleSystems":true,"showVisualEffectGraphs":true,"m_FxEnabled":true},"in2DMode":false,"pivot":{"x":0.9930851459503174,"y":-28.190824508666993,"z":-2.4643821716308595},"rotation":{"x":0.6981251835823059,"y":0.00666047353297472,"z":-0.006505354307591915,"w":0.7159266471862793},"size":46.820533752441409,"orthographic":false}